{"Baden-W\u00fcrttemberg": {"Reg_S": "08", "Flaeche": 35747.84, "Einwohnerzahl": 11280257, "Einwohnerdichte": 315.5507298, "Haus_Einkommen": 23850, "Alter_Mittelwert": 43.8, "Alter_0_17": 17.09928298, "Alter_18_65": 62.06353494, "Alter_66_100": 20.83697139, "Gewicht_Einwohnerzahl": 0.133717537}, "Bayern": {"Reg_S": "09", "Flaeche": 70541.6, "Einwohnerzahl": 13369393, "Einwohnerdichte": 189.524947, "Haus_Einkommen": 23812, "Alter_Mittelwert": 44.0, "Alter_0_17": 16.69257348, "Alter_18_65": 62.40800739, "Alter_66_100": 20.8999346, "Gewicht_Einwohnerzahl": 0.158482409}, "Berlin": {"Reg_S": "11", "Flaeche": 891.12, "Einwohnerzahl": 3755251, "Einwohnerdichte": 4214.080034, "Haus_Einkommen": 23184, "Alter_Mittelwert": 42.4, "Alter_0_17": 16.79, "Alter_18_65": 64.01, "Alter_66_100": 19.2, "Gewicht_Einwohnerzahl": 0.044515202}, "Brandenburg": {"Reg_S": "12", "Flaeche": 29654.38, "Einwohnerzahl": 2573135, "Einwohnerdichte": 86.77082441, "Haus_Einkommen": 22701, "Alter_Mittelwert": 47.1, "Alter_0_17": 16.09034566, "Alter_18_65": 58.43663971, "Alter_66_100": 25.47442418, "Gewicht_Einwohnerzahl": 0.030502255}, "Bremen": {"Reg_S": "04", "Flaeche": 419.61, "Einwohnerzahl": 684864, "Einwohnerdichte": 1632.144134, "Haus_Einkommen": 24755, "Alter_Mittelwert": 43.4, "Alter_0_17": 16.78615585, "Alter_18_65": 61.92704625, "Alter_66_100": 21.2867979, "Gewicht_Einwohnerzahl": 0.008118461}, "Hamburg": {"Reg_S": "02", "Flaeche": 755.09, "Einwohnerzahl": 1892122, "Einwohnerdichte": 2505.823147, "Haus_Einkommen": 26073, "Alter_Mittelwert": 42.0, "Alter_0_17": 17.04, "Alter_18_65": 64.81, "Alter_66_100": 18.15, "Gewicht_Einwohnerzahl": 0.022429444}, "Hessen": {"Reg_S": "06", "Flaeche": 21115.61, "Einwohnerzahl": 6391360, "Einwohnerdichte": 302.684128, "Haus_Einkommen": 25678, "Alter_Mittelwert": 44.0, "Alter_0_17": 16.97954669, "Alter_18_65": 61.87313591, "Alter_66_100": 21.14871419, "Gewicht_Einwohnerzahl": 0.075763958}, "Mecklenburg-Vorpommern": {"Reg_S": "13", "Flaeche": 23293.89, "Einwohnerzahl": 1628378, "Einwohnerdichte": 69.90579933, "Haus_Einkommen": 22300, "Alter_Mittelwert": 47.4, "Alter_0_17": 15.36044995, "Alter_18_65": 58.37442632, "Alter_66_100": 26.26366611, "Gewicht_Einwohnerzahl": 0.019302991}, "Niedersachsen": {"Reg_S": "03", "Flaeche": 47709.92, "Einwohnerzahl": 8140242, "Einwohnerdichte": 170.6194854, "Haus_Einkommen": 27221, "Alter_Mittelwert": 44.7, "Alter_0_17": 16.82823544, "Alter_18_65": 60.66224561, "Alter_66_100": 22.50984136, "Gewicht_Einwohnerzahl": 0.096495418}, "Nordrhein-Westfalen": {"Reg_S": "05", "Flaeche": 34112.74, "Einwohnerzahl": 18139116, "Einwohnerdichte": 531.7402237, "Haus_Einkommen": 24124, "Alter_Mittelwert": 44.2, "Alter_0_17": 16.96409806, "Alter_18_65": 61.48173954, "Alter_66_100": 21.55311927, "Gewicht_Einwohnerzahl": 0.215023285}, "Rheinland-Pfalz": {"Reg_S": "07", "Flaeche": 19851.79, "Einwohnerzahl": 4159150, "Einwohnerdichte": 209.5100744, "Haus_Einkommen": 25023, "Alter_Mittelwert": 44.9, "Alter_0_17": 16.50073748, "Alter_18_65": 60.97770914, "Alter_66_100": 22.52264564, "Gewicht_Einwohnerzahl": 0.04930307}, "Saarland": {"Reg_S": "10", "Flaeche": 2571.52, "Einwohnerzahl": 992666, "Einwohnerdichte": 386.0230525, "Haus_Einkommen": 24123, "Alter_Mittelwert": 46.3, "Alter_0_17": 15.03271213, "Alter_18_65": 60.24961748, "Alter_66_100": 24.71964234, "Gewicht_Einwohnerzahl": 0.011767183}, "Sachsen": {"Reg_S": "14", "Flaeche": 18449.87, "Einwohnerzahl": 4086152, "Einwohnerdichte": 221.4732136, "Haus_Einkommen": 22809, "Alter_Mittelwert": 46.8, "Alter_0_17": 16.05, "Alter_18_65": 57.21442704, "Alter_66_100": 26.73487562, "Gewicht_Einwohnerzahl": 0.048437742}, "Sachsen-Anhalt": {"Reg_S": "15", "Flaeche": 20467.19, "Einwohnerzahl": 2186643, "Einwohnerdichte": 106.8365027, "Haus_Einkommen": 20282, "Alter_Mittelwert": 47.9, "Alter_0_17": 14.97312486, "Alter_18_65": 57.39598525, "Alter_66_100": 27.63256898, "Gewicht_Einwohnerzahl": 0.025920732}, "Schleswig-Holstein": {"Reg_S": "01", "Flaeche": 15804.32, "Einwohnerzahl": 2953270, "Einwohnerdichte": 186.8647307, "Haus_Einkommen": 25606, "Alter_Mittelwert": 45.6, "Alter_0_17": 16.28646857, "Alter_18_65": 60.23144664, "Alter_66_100": 23.48356045, "Gewicht_Einwohnerzahl": 0.035008421}, "Th\u00fcringen": {"Reg_S": "16", "Flaeche": 16202.35, "Einwohnerzahl": 2126846, "Einwohnerdichte": 131.2677482, "Haus_Einkommen": 21803, "Alter_Mittelwert": 47.5, "Alter_0_17": 16.50756702, "Alter_18_65": 61.95566963, "Alter_66_100": 29.03846443, "Gewicht_Einwohnerzahl": 0.025211891}}